{
  "Version": 1,
  "ManifestType": "Publish",
  "Endpoints": [
    {
      "Route": "3rdpartylicenses.fc59uvtef3.txt",
      "AssetFile": "3rdpartylicenses.txt.gz",
      "Selectors": [
        {
          "Name": "Content-Encoding",
          "Value": "gzip",
          "Quality": "0.000154178230"
        }
      ],
      "ResponseHeaders": [
        {
          "Name": "Accept-Ranges",
          "Value": "bytes"
        },
        {
          "Name": "Cache-Control",
          "Value": "max-age=31536000, immutable"
        },
        {
          "Name": "Content-Encoding",
          "Value": "gzip"
        },
        {
          "Name": "Content-Length",
          "Value": "6485"
        },
        {
          "Name": "Content-Type",
          "Value": "text/plain"
        },
        {
          "Name": "ETag",
          "Value": "\"CPs0N/ns5nmaIsBazJZuZtAjiLBHLZw55rGl/W95Op4=\""
        },
        {
          "Name": "ETag",
          "Value": "W/\"sXLHs3L8QD7cBAbN+2S0wj4dH1A33Uey9g+u34bSjro=\""
        },
        {
          "Name": "Last-Modified",
          "Value": "Mon, 07 Apr 2025 10:36:48 GMT"
        },
        {
          "Name": "Vary",
          "Value": "Content-Encoding"
        }
      ],
      "EndpointProperties": [
        {
          "Name": "fingerprint",
          "Value": "fc59uvtef3"
        },
        {
          "Name": "integrity",
          "Value": "sha256-sXLHs3L8QD7cBAbN+2S0wj4dH1A33Uey9g+u34bSjro="
        },
        {
          "Name": "label",
          "Value": "3rdpartylicenses.txt"
        }
      ]
    },
    {
      "Route": "3rdpartylicenses.fc59uvtef3.txt",
      "AssetFile": "3rdpartylicenses.txt.br",
      "Selectors": [
        {
          "Name": "Content-Encoding",
          "Value": "br",
          "Quality": "0.000208724692"
        }
      ],
      "ResponseHeaders": [
        {
          "Name": "Accept-Ranges",
          "Value": "bytes"
        },
        {
          "Name": "Cache-Control",
          "Value": "max-age=31536000, immutable"
        },
        {
          "Name": "Content-Encoding",
          "Value": "br"
        },
        {
          "Name": "Content-Length",
          "Value": "4790"
        },
        {
          "Name": "Content-Type",
          "Value": "text/plain"
        },
        {
          "Name": "ETag",
          "Value": "\"yDnDXDT0kKun6WTeNI48bkxdgSXocvArC1wRgEXGtJk=\""
        },
        {
          "Name": "ETag",
          "Value": "W/\"sXLHs3L8QD7cBAbN+2S0wj4dH1A33Uey9g+u34bSjro=\""
        },
        {
          "Name": "Last-Modified",
          "Value": "Mon, 07 Apr 2025 10:36:48 GMT"
        },
        {
          "Name": "Vary",
          "Value": "Content-Encoding"
        }
      ],
      "EndpointProperties": [
        {
          "Name": "fingerprint",
          "Value": "fc59uvtef3"
        },
        {
          "Name": "integrity",
          "Value": "sha256-sXLHs3L8QD7cBAbN+2S0wj4dH1A33Uey9g+u34bSjro="
        },
        {
          "Name": "label",
          "Value": "3rdpartylicenses.txt"
        }
      ]
    },
    {
      "Route": "3rdpartylicenses.fc59uvtef3.txt",
      "AssetFile": "3rdpartylicenses.txt",
      "Selectors": [],
      "ResponseHeaders": [
        {
          "Name": "Accept-Ranges",
          "Value": "bytes"
        },
        {
          "Name": "Cache-Control",
          "Value": "max-age=31536000, immutable"
        },
        {
          "Name": "Content-Length",
          "Value": "39123"
        },
        {
          "Name": "Content-Type",
          "Value": "text/plain"
        },
        {
          "Name": "ETag",
          "Value": "\"sXLHs3L8QD7cBAbN+2S0wj4dH1A33Uey9g+u34bSjro=\""
        },
        {
          "Name": "Last-Modified",
          "Value": "Mon, 07 Apr 2025 10:36:48 GMT"
        }
      ],
      "EndpointProperties": [
        {
          "Name": "fingerprint",
          "Value": "fc59uvtef3"
        },
        {
          "Name": "integrity",
          "Value": "sha256-sXLHs3L8QD7cBAbN+2S0wj4dH1A33Uey9g+u34bSjro="
        },
        {
          "Name": "label",
          "Value": "3rdpartylicenses.txt"
        }
      ]
    },
    {
      "Route": "3rdpartylicenses.fc59uvtef3.txt.br",
      "AssetFile": "3rdpartylicenses.txt.br",
      "Selectors": [],
      "ResponseHeaders": [
        {
          "Name": "Accept-Ranges",
          "Value": "bytes"
        },
        {
          "Name": "Cache-Control",
          "Value": "max-age=31536000, immutable"
        },
        {
          "Name": "Content-Encoding",
          "Value": "br"
        },
        {
          "Name": "Content-Length",
          "Value": "4790"
        },
        {
          "Name": "Content-Type",
          "Value": "text/plain"
        },
        {
          "Name": "ETag",
          "Value": "\"yDnDXDT0kKun6WTeNI48bkxdgSXocvArC1wRgEXGtJk=\""
        },
        {
          "Name": "Last-Modified",
          "Value": "Mon, 07 Apr 2025 10:36:48 GMT"
        },
        {
          "Name": "Vary",
          "Value": "Content-Encoding"
        }
      ],
      "EndpointProperties": [
        {
          "Name": "fingerprint",
          "Value": "fc59uvtef3"
        },
        {
          "Name": "integrity",
          "Value": "sha256-yDnDXDT0kKun6WTeNI48bkxdgSXocvArC1wRgEXGtJk="
        },
        {
          "Name": "label",
          "Value": "3rdpartylicenses.txt.br"
        }
      ]
    },
    {
      "Route": "3rdpartylicenses.fc59uvtef3.txt.gz",
      "AssetFile": "3rdpartylicenses.txt.gz",
      "Selectors": [],
      "ResponseHeaders": [
        {
          "Name": "Accept-Ranges",
          "Value": "bytes"
        },
        {
          "Name": "Cache-Control",
          "Value": "max-age=31536000, immutable"
        },
        {
          "Name": "Content-Encoding",
          "Value": "gzip"
        },
        {
          "Name": "Content-Length",
          "Value": "6485"
        },
        {
          "Name": "Content-Type",
          "Value": "text/plain"
        },
        {
          "Name": "ETag",
          "Value": "\"CPs0N/ns5nmaIsBazJZuZtAjiLBHLZw55rGl/W95Op4=\""
        },
        {
          "Name": "Last-Modified",
          "Value": "Mon, 07 Apr 2025 10:36:48 GMT"
        },
        {
          "Name": "Vary",
          "Value": "Content-Encoding"
        }
      ],
      "EndpointProperties": [
        {
          "Name": "fingerprint",
          "Value": "fc59uvtef3"
        },
        {
          "Name": "integrity",
          "Value": "sha256-CPs0N/ns5nmaIsBazJZuZtAjiLBHLZw55rGl/W95Op4="
        },
        {
          "Name": "label",
          "Value": "3rdpartylicenses.txt.gz"
        }
      ]
    },
    {
      "Route": "3rdpartylicenses.txt",
      "AssetFile": "3rdpartylicenses.txt.gz",
      "Selectors": [
        {
          "Name": "Content-Encoding",
          "Value": "gzip",
          "Quality": "0.000154178230"
        }
      ],
      "ResponseHeaders": [
        {
          "Name": "Accept-Ranges",
          "Value": "bytes"
        },
        {
          "Name": "Cache-Control",
          "Value": "no-cache"
        },
        {
          "Name": "Content-Encoding",
          "Value": "gzip"
        },
        {
          "Name": "Content-Length",
          "Value": "6485"
        },
        {
          "Name": "Content-Type",
          "Value": "text/plain"
        },
        {
          "Name": "ETag",
          "Value": "\"CPs0N/ns5nmaIsBazJZuZtAjiLBHLZw55rGl/W95Op4=\""
        },
        {
          "Name": "ETag",
          "Value": "W/\"sXLHs3L8QD7cBAbN+2S0wj4dH1A33Uey9g+u34bSjro=\""
        },
        {
          "Name": "Last-Modified",
          "Value": "Mon, 07 Apr 2025 10:36:48 GMT"
        },
        {
          "Name": "Vary",
          "Value": "Content-Encoding"
        }
      ],
      "EndpointProperties": [
        {
          "Name": "integrity",
          "Value": "sha256-sXLHs3L8QD7cBAbN+2S0wj4dH1A33Uey9g+u34bSjro="
        }
      ]
    },
    {
      "Route": "3rdpartylicenses.txt",
      "AssetFile": "3rdpartylicenses.txt.br",
      "Selectors": [
        {
          "Name": "Content-Encoding",
          "Value": "br",
          "Quality": "0.000208724692"
        }
      ],
      "ResponseHeaders": [
        {
          "Name": "Accept-Ranges",
          "Value": "bytes"
        },
        {
          "Name": "Cache-Control",
          "Value": "no-cache"
        },
        {
          "Name": "Content-Encoding",
          "Value": "br"
        },
        {
          "Name": "Content-Length",
          "Value": "4790"
        },
        {
          "Name": "Content-Type",
          "Value": "text/plain"
        },
        {
          "Name": "ETag",
          "Value": "\"yDnDXDT0kKun6WTeNI48bkxdgSXocvArC1wRgEXGtJk=\""
        },
        {
          "Name": "ETag",
          "Value": "W/\"sXLHs3L8QD7cBAbN+2S0wj4dH1A33Uey9g+u34bSjro=\""
        },
        {
          "Name": "Last-Modified",
          "Value": "Mon, 07 Apr 2025 10:36:48 GMT"
        },
        {
          "Name": "Vary",
          "Value": "Content-Encoding"
        }
      ],
      "EndpointProperties": [
        {
          "Name": "integrity",
          "Value": "sha256-sXLHs3L8QD7cBAbN+2S0wj4dH1A33Uey9g+u34bSjro="
        }
      ]
    },
    {
      "Route": "3rdpartylicenses.txt",
      "AssetFile": "3rdpartylicenses.txt",
      "Selectors": [],
      "ResponseHeaders": [
        {
          "Name": "Accept-Ranges",
          "Value": "bytes"
        },
        {
          "Name": "Cache-Control",
          "Value": "no-cache"
        },
        {
          "Name": "Content-Length",
          "Value": "39123"
        },
        {
          "Name": "Content-Type",
          "Value": "text/plain"
        },
        {
          "Name": "ETag",
          "Value": "\"sXLHs3L8QD7cBAbN+2S0wj4dH1A33Uey9g+u34bSjro=\""
        },
        {
          "Name": "Last-Modified",
          "Value": "Mon, 07 Apr 2025 10:36:48 GMT"
        }
      ],
      "EndpointProperties": [
        {
          "Name": "integrity",
          "Value": "sha256-sXLHs3L8QD7cBAbN+2S0wj4dH1A33Uey9g+u34bSjro="
        }
      ]
    },
    {
      "Route": "3rdpartylicenses.txt.br",
      "AssetFile": "3rdpartylicenses.txt.br",
      "Selectors": [],
      "ResponseHeaders": [
        {
          "Name": "Accept-Ranges",
          "Value": "bytes"
        },
        {
          "Name": "Cache-Control",
          "Value": "no-cache"
        },
        {
          "Name": "Content-Encoding",
          "Value": "br"
        },
        {
          "Name": "Content-Length",
          "Value": "4790"
        },
        {
          "Name": "Content-Type",
          "Value": "text/plain"
        },
        {
          "Name": "ETag",
          "Value": "\"yDnDXDT0kKun6WTeNI48bkxdgSXocvArC1wRgEXGtJk=\""
        },
        {
          "Name": "Last-Modified",
          "Value": "Mon, 07 Apr 2025 10:36:48 GMT"
        },
        {
          "Name": "Vary",
          "Value": "Content-Encoding"
        }
      ],
      "EndpointProperties": [
        {
          "Name": "integrity",
          "Value": "sha256-yDnDXDT0kKun6WTeNI48bkxdgSXocvArC1wRgEXGtJk="
        }
      ]
    },
    {
      "Route": "3rdpartylicenses.txt.gz",
      "AssetFile": "3rdpartylicenses.txt.gz",
      "Selectors": [],
      "ResponseHeaders": [
        {
          "Name": "Accept-Ranges",
          "Value": "bytes"
        },
        {
          "Name": "Cache-Control",
          "Value": "no-cache"
        },
        {
          "Name": "Content-Encoding",
          "Value": "gzip"
        },
        {
          "Name": "Content-Length",
          "Value": "6485"
        },
        {
          "Name": "Content-Type",
          "Value": "text/plain"
        },
        {
          "Name": "ETag",
          "Value": "\"CPs0N/ns5nmaIsBazJZuZtAjiLBHLZw55rGl/W95Op4=\""
        },
        {
          "Name": "Last-Modified",
          "Value": "Mon, 07 Apr 2025 10:36:48 GMT"
        },
        {
          "Name": "Vary",
          "Value": "Content-Encoding"
        }
      ],
      "EndpointProperties": [
        {
          "Name": "integrity",
          "Value": "sha256-CPs0N/ns5nmaIsBazJZuZtAjiLBHLZw55rGl/W95Op4="
        }
      ]
    },
    {
      "Route": "favicon.ico",
      "AssetFile": "favicon.ico.gz",
      "Selectors": [
        {
          "Name": "Content-Encoding",
          "Value": "gzip",
          "Quality": "0.000237360551"
        }
      ],
      "ResponseHeaders": [
        {
          "Name": "Accept-Ranges",
          "Value": "bytes"
        },
        {
          "Name": "Cache-Control",
          "Value": "no-cache"
        },
        {
          "Name": "Content-Encoding",
          "Value": "gzip"
        },
        {
          "Name": "Content-Length",
          "Value": "4212"
        },
        {
          "Name": "Content-Type",
          "Value": "image/x-icon"
        },
        {
          "Name": "ETag",
          "Value": "\"4JD5TBkaKkYJVw5DzZh1jKJdCSTQYxpre7fdXrSQ/P8=\""
        },
        {
          "Name": "ETag",
          "Value": "W/\"+RAr6AKXwFKSB2B75Sd7T5C8qJ1lmI+hdxuRx4lOgV8=\""
        },
        {
          "Name": "Last-Modified",
          "Value": "Fri, 21 Mar 2025 15:01:40 GMT"
        },
        {
          "Name": "Vary",
          "Value": "Content-Encoding"
        }
      ],
      "EndpointProperties": [
        {
          "Name": "integrity",
          "Value": "sha256-+RAr6AKXwFKSB2B75Sd7T5C8qJ1lmI+hdxuRx4lOgV8="
        }
      ]
    },
    {
      "Route": "favicon.ico",
      "AssetFile": "favicon.ico.br",
      "Selectors": [
        {
          "Name": "Content-Encoding",
          "Value": "br",
          "Quality": "0.000270489586"
        }
      ],
      "ResponseHeaders": [
        {
          "Name": "Accept-Ranges",
          "Value": "bytes"
        },
        {
          "Name": "Cache-Control",
          "Value": "no-cache"
        },
        {
          "Name": "Content-Encoding",
          "Value": "br"
        },
        {
          "Name": "Content-Length",
          "Value": "3696"
        },
        {
          "Name": "Content-Type",
          "Value": "image/x-icon"
        },
        {
          "Name": "ETag",
          "Value": "\"DZvQlN6nTeKU0K8Ab7twyTbcOiDwAKYlMmsyGJ+ukfM=\""
        },
        {
          "Name": "ETag",
          "Value": "W/\"+RAr6AKXwFKSB2B75Sd7T5C8qJ1lmI+hdxuRx4lOgV8=\""
        },
        {
          "Name": "Last-Modified",
          "Value": "Fri, 21 Mar 2025 15:01:40 GMT"
        },
        {
          "Name": "Vary",
          "Value": "Content-Encoding"
        }
      ],
      "EndpointProperties": [
        {
          "Name": "integrity",
          "Value": "sha256-+RAr6AKXwFKSB2B75Sd7T5C8qJ1lmI+hdxuRx4lOgV8="
        }
      ]
    },
    {
      "Route": "favicon.ico",
      "AssetFile": "favicon.ico",
      "Selectors": [],
      "ResponseHeaders": [
        {
          "Name": "Accept-Ranges",
          "Value": "bytes"
        },
        {
          "Name": "Cache-Control",
          "Value": "max-age=3600, must-revalidate"
        },
        {
          "Name": "Content-Length",
          "Value": "15086"
        },
        {
          "Name": "Content-Type",
          "Value": "image/x-icon"
        },
        {
          "Name": "ETag",
          "Value": "\"+RAr6AKXwFKSB2B75Sd7T5C8qJ1lmI+hdxuRx4lOgV8=\""
        },
        {
          "Name": "Last-Modified",
          "Value": "Fri, 21 Mar 2025 15:01:40 GMT"
        }
      ],
      "EndpointProperties": [
        {
          "Name": "integrity",
          "Value": "sha256-+RAr6AKXwFKSB2B75Sd7T5C8qJ1lmI+hdxuRx4lOgV8="
        }
      ]
    },
    {
      "Route": "favicon.ico.br",
      "AssetFile": "favicon.ico.br",
      "Selectors": [],
      "ResponseHeaders": [
        {
          "Name": "Accept-Ranges",
          "Value": "bytes"
        },
        {
          "Name": "Cache-Control",
          "Value": "no-cache"
        },
        {
          "Name": "Content-Encoding",
          "Value": "br"
        },
        {
          "Name": "Content-Length",
          "Value": "3696"
        },
        {
          "Name": "Content-Type",
          "Value": "image/x-icon"
        },
        {
          "Name": "ETag",
          "Value": "\"DZvQlN6nTeKU0K8Ab7twyTbcOiDwAKYlMmsyGJ+ukfM=\""
        },
        {
          "Name": "Last-Modified",
          "Value": "Fri, 21 Mar 2025 15:01:40 GMT"
        },
        {
          "Name": "Vary",
          "Value": "Content-Encoding"
        }
      ],
      "EndpointProperties": [
        {
          "Name": "integrity",
          "Value": "sha256-DZvQlN6nTeKU0K8Ab7twyTbcOiDwAKYlMmsyGJ+ukfM="
        }
      ]
    },
    {
      "Route": "favicon.ico.gz",
      "AssetFile": "favicon.ico.gz",
      "Selectors": [],
      "ResponseHeaders": [
        {
          "Name": "Accept-Ranges",
          "Value": "bytes"
        },
        {
          "Name": "Cache-Control",
          "Value": "no-cache"
        },
        {
          "Name": "Content-Encoding",
          "Value": "gzip"
        },
        {
          "Name": "Content-Length",
          "Value": "4212"
        },
        {
          "Name": "Content-Type",
          "Value": "image/x-icon"
        },
        {
          "Name": "ETag",
          "Value": "\"4JD5TBkaKkYJVw5DzZh1jKJdCSTQYxpre7fdXrSQ/P8=\""
        },
        {
          "Name": "Last-Modified",
          "Value": "Fri, 21 Mar 2025 15:01:40 GMT"
        },
        {
          "Name": "Vary",
          "Value": "Content-Encoding"
        }
      ],
      "EndpointProperties": [
        {
          "Name": "integrity",
          "Value": "sha256-4JD5TBkaKkYJVw5DzZh1jKJdCSTQYxpre7fdXrSQ/P8="
        }
      ]
    },
    {
      "Route": "favicon.vagikyz9qx.ico",
      "AssetFile": "favicon.ico.gz",
      "Selectors": [
        {
          "Name": "Content-Encoding",
          "Value": "gzip",
          "Quality": "0.000237360551"
        }
      ],
      "ResponseHeaders": [
        {
          "Name": "Accept-Ranges",
          "Value": "bytes"
        },
        {
          "Name": "Cache-Control",
          "Value": "max-age=31536000, immutable"
        },
        {
          "Name": "Content-Encoding",
          "Value": "gzip"
        },
        {
          "Name": "Content-Length",
          "Value": "4212"
        },
        {
          "Name": "Content-Type",
          "Value": "image/x-icon"
        },
        {
          "Name": "ETag",
          "Value": "\"4JD5TBkaKkYJVw5DzZh1jKJdCSTQYxpre7fdXrSQ/P8=\""
        },
        {
          "Name": "ETag",
          "Value": "W/\"+RAr6AKXwFKSB2B75Sd7T5C8qJ1lmI+hdxuRx4lOgV8=\""
        },
        {
          "Name": "Last-Modified",
          "Value": "Fri, 21 Mar 2025 15:01:40 GMT"
        },
        {
          "Name": "Vary",
          "Value": "Content-Encoding"
        }
      ],
      "EndpointProperties": [
        {
          "Name": "fingerprint",
          "Value": "vagikyz9qx"
        },
        {
          "Name": "integrity",
          "Value": "sha256-+RAr6AKXwFKSB2B75Sd7T5C8qJ1lmI+hdxuRx4lOgV8="
        },
        {
          "Name": "label",
          "Value": "favicon.ico"
        }
      ]
    },
    {
      "Route": "favicon.vagikyz9qx.ico",
      "AssetFile": "favicon.ico.br",
      "Selectors": [
        {
          "Name": "Content-Encoding",
          "Value": "br",
          "Quality": "0.000270489586"
        }
      ],
      "ResponseHeaders": [
        {
          "Name": "Accept-Ranges",
          "Value": "bytes"
        },
        {
          "Name": "Cache-Control",
          "Value": "max-age=31536000, immutable"
        },
        {
          "Name": "Content-Encoding",
          "Value": "br"
        },
        {
          "Name": "Content-Length",
          "Value": "3696"
        },
        {
          "Name": "Content-Type",
          "Value": "image/x-icon"
        },
        {
          "Name": "ETag",
          "Value": "\"DZvQlN6nTeKU0K8Ab7twyTbcOiDwAKYlMmsyGJ+ukfM=\""
        },
        {
          "Name": "ETag",
          "Value": "W/\"+RAr6AKXwFKSB2B75Sd7T5C8qJ1lmI+hdxuRx4lOgV8=\""
        },
        {
          "Name": "Last-Modified",
          "Value": "Fri, 21 Mar 2025 15:01:40 GMT"
        },
        {
          "Name": "Vary",
          "Value": "Content-Encoding"
        }
      ],
      "EndpointProperties": [
        {
          "Name": "fingerprint",
          "Value": "vagikyz9qx"
        },
        {
          "Name": "integrity",
          "Value": "sha256-+RAr6AKXwFKSB2B75Sd7T5C8qJ1lmI+hdxuRx4lOgV8="
        },
        {
          "Name": "label",
          "Value": "favicon.ico"
        }
      ]
    },
    {
      "Route": "favicon.vagikyz9qx.ico",
      "AssetFile": "favicon.ico",
      "Selectors": [],
      "ResponseHeaders": [
        {
          "Name": "Accept-Ranges",
          "Value": "bytes"
        },
        {
          "Name": "Cache-Control",
          "Value": "max-age=31536000, immutable"
        },
        {
          "Name": "Content-Length",
          "Value": "15086"
        },
        {
          "Name": "Content-Type",
          "Value": "image/x-icon"
        },
        {
          "Name": "ETag",
          "Value": "\"+RAr6AKXwFKSB2B75Sd7T5C8qJ1lmI+hdxuRx4lOgV8=\""
        },
        {
          "Name": "Last-Modified",
          "Value": "Fri, 21 Mar 2025 15:01:40 GMT"
        }
      ],
      "EndpointProperties": [
        {
          "Name": "fingerprint",
          "Value": "vagikyz9qx"
        },
        {
          "Name": "integrity",
          "Value": "sha256-+RAr6AKXwFKSB2B75Sd7T5C8qJ1lmI+hdxuRx4lOgV8="
        },
        {
          "Name": "label",
          "Value": "favicon.ico"
        }
      ]
    },
    {
      "Route": "favicon.vagikyz9qx.ico.br",
      "AssetFile": "favicon.ico.br",
      "Selectors": [],
      "ResponseHeaders": [
        {
          "Name": "Accept-Ranges",
          "Value": "bytes"
        },
        {
          "Name": "Cache-Control",
          "Value": "max-age=31536000, immutable"
        },
        {
          "Name": "Content-Encoding",
          "Value": "br"
        },
        {
          "Name": "Content-Length",
          "Value": "3696"
        },
        {
          "Name": "Content-Type",
          "Value": "image/x-icon"
        },
        {
          "Name": "ETag",
          "Value": "\"DZvQlN6nTeKU0K8Ab7twyTbcOiDwAKYlMmsyGJ+ukfM=\""
        },
        {
          "Name": "Last-Modified",
          "Value": "Fri, 21 Mar 2025 15:01:40 GMT"
        },
        {
          "Name": "Vary",
          "Value": "Content-Encoding"
        }
      ],
      "EndpointProperties": [
        {
          "Name": "fingerprint",
          "Value": "vagikyz9qx"
        },
        {
          "Name": "integrity",
          "Value": "sha256-DZvQlN6nTeKU0K8Ab7twyTbcOiDwAKYlMmsyGJ+ukfM="
        },
        {
          "Name": "label",
          "Value": "favicon.ico.br"
        }
      ]
    },
    {
      "Route": "favicon.vagikyz9qx.ico.gz",
      "AssetFile": "favicon.ico.gz",
      "Selectors": [],
      "ResponseHeaders": [
        {
          "Name": "Accept-Ranges",
          "Value": "bytes"
        },
        {
          "Name": "Cache-Control",
          "Value": "max-age=31536000, immutable"
        },
        {
          "Name": "Content-Encoding",
          "Value": "gzip"
        },
        {
          "Name": "Content-Length",
          "Value": "4212"
        },
        {
          "Name": "Content-Type",
          "Value": "image/x-icon"
        },
        {
          "Name": "ETag",
          "Value": "\"4JD5TBkaKkYJVw5DzZh1jKJdCSTQYxpre7fdXrSQ/P8=\""
        },
        {
          "Name": "Last-Modified",
          "Value": "Fri, 21 Mar 2025 15:01:40 GMT"
        },
        {
          "Name": "Vary",
          "Value": "Content-Encoding"
        }
      ],
      "EndpointProperties": [
        {
          "Name": "fingerprint",
          "Value": "vagikyz9qx"
        },
        {
          "Name": "integrity",
          "Value": "sha256-4JD5TBkaKkYJVw5DzZh1jKJdCSTQYxpre7fdXrSQ/P8="
        },
        {
          "Name": "label",
          "Value": "favicon.ico.gz"
        }
      ]
    },
    {
      "Route": "images/91911542-f6ee-4a39-b699-eb630a371c79.3usgl8q85x.jpg",
      "AssetFile": "images/91911542-f6ee-4a39-b699-eb630a371c79.jpg",
      "Selectors": [],
      "ResponseHeaders": [
        {
          "Name": "Accept-Ranges",
          "Value": "bytes"
        },
        {
          "Name": "Cache-Control",
          "Value": "max-age=31536000, immutable"
        },
        {
          "Name": "Content-Length",
          "Value": "30882"
        },
        {
          "Name": "Content-Type",
          "Value": "image/jpeg"
        },
        {
          "Name": "ETag",
          "Value": "\"BRUiZb0cA8HkfyqUTAUeeq87PCScnHqjQg97s2XoqSM=\""
        },
        {
          "Name": "Last-Modified",
          "Value": "Mon, 07 Apr 2025 10:23:08 GMT"
        }
      ],
      "EndpointProperties": [
        {
          "Name": "fingerprint",
          "Value": "3usgl8q85x"
        },
        {
          "Name": "integrity",
          "Value": "sha256-BRUiZb0cA8HkfyqUTAUeeq87PCScnHqjQg97s2XoqSM="
        },
        {
          "Name": "label",
          "Value": "images/91911542-f6ee-4a39-b699-eb630a371c79.jpg"
        }
      ]
    },
    {
      "Route": "images/91911542-f6ee-4a39-b699-eb630a371c79.jpg",
      "AssetFile": "images/91911542-f6ee-4a39-b699-eb630a371c79.jpg",
      "Selectors": [],
      "ResponseHeaders": [
        {
          "Name": "Accept-Ranges",
          "Value": "bytes"
        },
        {
          "Name": "Cache-Control",
          "Value": "max-age=3600, must-revalidate"
        },
        {
          "Name": "Content-Length",
          "Value": "30882"
        },
        {
          "Name": "Content-Type",
          "Value": "image/jpeg"
        },
        {
          "Name": "ETag",
          "Value": "\"BRUiZb0cA8HkfyqUTAUeeq87PCScnHqjQg97s2XoqSM=\""
        },
        {
          "Name": "Last-Modified",
          "Value": "Mon, 07 Apr 2025 10:23:08 GMT"
        }
      ],
      "EndpointProperties": [
        {
          "Name": "integrity",
          "Value": "sha256-BRUiZb0cA8HkfyqUTAUeeq87PCScnHqjQg97s2XoqSM="
        }
      ]
    },
    {
      "Route": "index.3o7gjn6y7m.html",
      "AssetFile": "index.html.gz",
      "Selectors": [
        {
          "Name": "Content-Encoding",
          "Value": "gzip",
          "Quality": "0.000271591526"
        }
      ],
      "ResponseHeaders": [
        {
          "Name": "Accept-Ranges",
          "Value": "bytes"
        },
        {
          "Name": "Cache-Control",
          "Value": "max-age=31536000, immutable"
        },
        {
          "Name": "Content-Encoding",
          "Value": "gzip"
        },
        {
          "Name": "Content-Length",
          "Value": "3681"
        },
        {
          "Name": "Content-Type",
          "Value": "text/html"
        },
        {
          "Name": "ETag",
          "Value": "\"uo5OUro4+i5zC1rQT+H/NcPrTVlQV0Gwn3/VUTphOmU=\""
        },
        {
          "Name": "ETag",
          "Value": "W/\"0xmlzFcE6B5ESp5GTSpq8BOSVE2mmXfFFi19UT952L8=\""
        },
        {
          "Name": "Last-Modified",
          "Value": "Mon, 07 Apr 2025 10:36:48 GMT"
        },
        {
          "Name": "Vary",
          "Value": "Content-Encoding"
        }
      ],
      "EndpointProperties": [
        {
          "Name": "fingerprint",
          "Value": "3o7gjn6y7m"
        },
        {
          "Name": "integrity",
          "Value": "sha256-0xmlzFcE6B5ESp5GTSpq8BOSVE2mmXfFFi19UT952L8="
        },
        {
          "Name": "label",
          "Value": "index.html"
        }
      ]
    },
    {
      "Route": "index.3o7gjn6y7m.html",
      "AssetFile": "index.html.br",
      "Selectors": [
        {
          "Name": "Content-Encoding",
          "Value": "br",
          "Quality": "0.000377073906"
        }
      ],
      "ResponseHeaders": [
        {
          "Name": "Accept-Ranges",
          "Value": "bytes"
        },
        {
          "Name": "Cache-Control",
          "Value": "max-age=31536000, immutable"
        },
        {
          "Name": "Content-Encoding",
          "Value": "br"
        },
        {
          "Name": "Content-Length",
          "Value": "2651"
        },
        {
          "Name": "Content-Type",
          "Value": "text/html"
        },
        {
          "Name": "ETag",
          "Value": "\"imqWNv8qWaJn88Khg0JA/asH1H5r+5cJXElcWJR00WM=\""
        },
        {
          "Name": "ETag",
          "Value": "W/\"0xmlzFcE6B5ESp5GTSpq8BOSVE2mmXfFFi19UT952L8=\""
        },
        {
          "Name": "Last-Modified",
          "Value": "Mon, 07 Apr 2025 10:36:48 GMT"
        },
        {
          "Name": "Vary",
          "Value": "Content-Encoding"
        }
      ],
      "EndpointProperties": [
        {
          "Name": "fingerprint",
          "Value": "3o7gjn6y7m"
        },
        {
          "Name": "integrity",
          "Value": "sha256-0xmlzFcE6B5ESp5GTSpq8BOSVE2mmXfFFi19UT952L8="
        },
        {
          "Name": "label",
          "Value": "index.html"
        }
      ]
    },
    {
      "Route": "index.3o7gjn6y7m.html",
      "AssetFile": "index.html",
      "Selectors": [],
      "ResponseHeaders": [
        {
          "Name": "Accept-Ranges",
          "Value": "bytes"
        },
        {
          "Name": "Cache-Control",
          "Value": "max-age=31536000, immutable"
        },
        {
          "Name": "Content-Length",
          "Value": "23565"
        },
        {
          "Name": "Content-Type",
          "Value": "text/html"
        },
        {
          "Name": "ETag",
          "Value": "\"0xmlzFcE6B5ESp5GTSpq8BOSVE2mmXfFFi19UT952L8=\""
        },
        {
          "Name": "Last-Modified",
          "Value": "Mon, 07 Apr 2025 10:36:48 GMT"
        }
      ],
      "EndpointProperties": [
        {
          "Name": "fingerprint",
          "Value": "3o7gjn6y7m"
        },
        {
          "Name": "integrity",
          "Value": "sha256-0xmlzFcE6B5ESp5GTSpq8BOSVE2mmXfFFi19UT952L8="
        },
        {
          "Name": "label",
          "Value": "index.html"
        }
      ]
    },
    {
      "Route": "index.3o7gjn6y7m.html.br",
      "AssetFile": "index.html.br",
      "Selectors": [],
      "ResponseHeaders": [
        {
          "Name": "Accept-Ranges",
          "Value": "bytes"
        },
        {
          "Name": "Cache-Control",
          "Value": "max-age=31536000, immutable"
        },
        {
          "Name": "Content-Encoding",
          "Value": "br"
        },
        {
          "Name": "Content-Length",
          "Value": "2651"
        },
        {
          "Name": "Content-Type",
          "Value": "text/html"
        },
        {
          "Name": "ETag",
          "Value": "\"imqWNv8qWaJn88Khg0JA/asH1H5r+5cJXElcWJR00WM=\""
        },
        {
          "Name": "Last-Modified",
          "Value": "Mon, 07 Apr 2025 10:36:48 GMT"
        },
        {
          "Name": "Vary",
          "Value": "Content-Encoding"
        }
      ],
      "EndpointProperties": [
        {
          "Name": "fingerprint",
          "Value": "3o7gjn6y7m"
        },
        {
          "Name": "integrity",
          "Value": "sha256-imqWNv8qWaJn88Khg0JA/asH1H5r+5cJXElcWJR00WM="
        },
        {
          "Name": "label",
          "Value": "index.html.br"
        }
      ]
    },
    {
      "Route": "index.3o7gjn6y7m.html.gz",
      "AssetFile": "index.html.gz",
      "Selectors": [],
      "ResponseHeaders": [
        {
          "Name": "Accept-Ranges",
          "Value": "bytes"
        },
        {
          "Name": "Cache-Control",
          "Value": "max-age=31536000, immutable"
        },
        {
          "Name": "Content-Encoding",
          "Value": "gzip"
        },
        {
          "Name": "Content-Length",
          "Value": "3681"
        },
        {
          "Name": "Content-Type",
          "Value": "text/html"
        },
        {
          "Name": "ETag",
          "Value": "\"uo5OUro4+i5zC1rQT+H/NcPrTVlQV0Gwn3/VUTphOmU=\""
        },
        {
          "Name": "Last-Modified",
          "Value": "Mon, 07 Apr 2025 10:36:48 GMT"
        },
        {
          "Name": "Vary",
          "Value": "Content-Encoding"
        }
      ],
      "EndpointProperties": [
        {
          "Name": "fingerprint",
          "Value": "3o7gjn6y7m"
        },
        {
          "Name": "integrity",
          "Value": "sha256-uo5OUro4+i5zC1rQT+H/NcPrTVlQV0Gwn3/VUTphOmU="
        },
        {
          "Name": "label",
          "Value": "index.html.gz"
        }
      ]
    },
    {
      "Route": "index.html",
      "AssetFile": "index.html.gz",
      "Selectors": [
        {
          "Name": "Content-Encoding",
          "Value": "gzip",
          "Quality": "0.000271591526"
        }
      ],
      "ResponseHeaders": [
        {
          "Name": "Accept-Ranges",
          "Value": "bytes"
        },
        {
          "Name": "Cache-Control",
          "Value": "no-cache"
        },
        {
          "Name": "Content-Encoding",
          "Value": "gzip"
        },
        {
          "Name": "Content-Length",
          "Value": "3681"
        },
        {
          "Name": "Content-Type",
          "Value": "text/html"
        },
        {
          "Name": "ETag",
          "Value": "\"uo5OUro4+i5zC1rQT+H/NcPrTVlQV0Gwn3/VUTphOmU=\""
        },
        {
          "Name": "ETag",
          "Value": "W/\"0xmlzFcE6B5ESp5GTSpq8BOSVE2mmXfFFi19UT952L8=\""
        },
        {
          "Name": "Last-Modified",
          "Value": "Mon, 07 Apr 2025 10:36:48 GMT"
        },
        {
          "Name": "Vary",
          "Value": "Content-Encoding"
        }
      ],
      "EndpointProperties": [
        {
          "Name": "integrity",
          "Value": "sha256-0xmlzFcE6B5ESp5GTSpq8BOSVE2mmXfFFi19UT952L8="
        }
      ]
    },
    {
      "Route": "index.html",
      "AssetFile": "index.html.br",
      "Selectors": [
        {
          "Name": "Content-Encoding",
          "Value": "br",
          "Quality": "0.000377073906"
        }
      ],
      "ResponseHeaders": [
        {
          "Name": "Accept-Ranges",
          "Value": "bytes"
        },
        {
          "Name": "Cache-Control",
          "Value": "no-cache"
        },
        {
          "Name": "Content-Encoding",
          "Value": "br"
        },
        {
          "Name": "Content-Length",
          "Value": "2651"
        },
        {
          "Name": "Content-Type",
          "Value": "text/html"
        },
        {
          "Name": "ETag",
          "Value": "\"imqWNv8qWaJn88Khg0JA/asH1H5r+5cJXElcWJR00WM=\""
        },
        {
          "Name": "ETag",
          "Value": "W/\"0xmlzFcE6B5ESp5GTSpq8BOSVE2mmXfFFi19UT952L8=\""
        },
        {
          "Name": "Last-Modified",
          "Value": "Mon, 07 Apr 2025 10:36:48 GMT"
        },
        {
          "Name": "Vary",
          "Value": "Content-Encoding"
        }
      ],
      "EndpointProperties": [
        {
          "Name": "integrity",
          "Value": "sha256-0xmlzFcE6B5ESp5GTSpq8BOSVE2mmXfFFi19UT952L8="
        }
      ]
    },
    {
      "Route": "index.html",
      "AssetFile": "index.html",
      "Selectors": [],
      "ResponseHeaders": [
        {
          "Name": "Accept-Ranges",
          "Value": "bytes"
        },
        {
          "Name": "Cache-Control",
          "Value": "no-cache"
        },
        {
          "Name": "Content-Length",
          "Value": "23565"
        },
        {
          "Name": "Content-Type",
          "Value": "text/html"
        },
        {
          "Name": "ETag",
          "Value": "\"0xmlzFcE6B5ESp5GTSpq8BOSVE2mmXfFFi19UT952L8=\""
        },
        {
          "Name": "Last-Modified",
          "Value": "Mon, 07 Apr 2025 10:36:48 GMT"
        }
      ],
      "EndpointProperties": [
        {
          "Name": "integrity",
          "Value": "sha256-0xmlzFcE6B5ESp5GTSpq8BOSVE2mmXfFFi19UT952L8="
        }
      ]
    },
    {
      "Route": "index.html.br",
      "AssetFile": "index.html.br",
      "Selectors": [],
      "ResponseHeaders": [
        {
          "Name": "Accept-Ranges",
          "Value": "bytes"
        },
        {
          "Name": "Cache-Control",
          "Value": "no-cache"
        },
        {
          "Name": "Content-Encoding",
          "Value": "br"
        },
        {
          "Name": "Content-Length",
          "Value": "2651"
        },
        {
          "Name": "Content-Type",
          "Value": "text/html"
        },
        {
          "Name": "ETag",
          "Value": "\"imqWNv8qWaJn88Khg0JA/asH1H5r+5cJXElcWJR00WM=\""
        },
        {
          "Name": "Last-Modified",
          "Value": "Mon, 07 Apr 2025 10:36:48 GMT"
        },
        {
          "Name": "Vary",
          "Value": "Content-Encoding"
        }
      ],
      "EndpointProperties": [
        {
          "Name": "integrity",
          "Value": "sha256-imqWNv8qWaJn88Khg0JA/asH1H5r+5cJXElcWJR00WM="
        }
      ]
    },
    {
      "Route": "index.html.gz",
      "AssetFile": "index.html.gz",
      "Selectors": [],
      "ResponseHeaders": [
        {
          "Name": "Accept-Ranges",
          "Value": "bytes"
        },
        {
          "Name": "Cache-Control",
          "Value": "no-cache"
        },
        {
          "Name": "Content-Encoding",
          "Value": "gzip"
        },
        {
          "Name": "Content-Length",
          "Value": "3681"
        },
        {
          "Name": "Content-Type",
          "Value": "text/html"
        },
        {
          "Name": "ETag",
          "Value": "\"uo5OUro4+i5zC1rQT+H/NcPrTVlQV0Gwn3/VUTphOmU=\""
        },
        {
          "Name": "Last-Modified",
          "Value": "Mon, 07 Apr 2025 10:36:48 GMT"
        },
        {
          "Name": "Vary",
          "Value": "Content-Encoding"
        }
      ],
      "EndpointProperties": [
        {
          "Name": "integrity",
          "Value": "sha256-uo5OUro4+i5zC1rQT+H/NcPrTVlQV0Gwn3/VUTphOmU="
        }
      ]
    },
    {
      "Route": "main-3JLHADOU.jhcnv9o1pj.js",
      "AssetFile": "main-3JLHADOU.js.br",
      "Selectors": [
        {
          "Name": "Content-Encoding",
          "Value": "br",
          "Quality": "0.000003573752"
        }
      ],
      "ResponseHeaders": [
        {
          "Name": "Accept-Ranges",
          "Value": "bytes"
        },
        {
          "Name": "Cache-Control",
          "Value": "max-age=31536000, immutable"
        },
        {
          "Name": "Content-Encoding",
          "Value": "br"
        },
        {
          "Name": "Content-Length",
          "Value": "279817"
        },
        {
          "Name": "Content-Type",
          "Value": "text/javascript"
        },
        {
          "Name": "ETag",
          "Value": "\"a7uKN91jyY5ML1e9Za9Zz4ic8M+fUYhimG9Xtu9Tqh0=\""
        },
        {
          "Name": "ETag",
          "Value": "W/\"96HHOHV+tEQgEHi/rDZw2LxJRZd6efI9s7EfaToPbgI=\""
        },
        {
          "Name": "Last-Modified",
          "Value": "Mon, 07 Apr 2025 10:36:48 GMT"
        },
        {
          "Name": "Vary",
          "Value": "Content-Encoding"
        }
      ],
      "EndpointProperties": [
        {
          "Name": "fingerprint",
          "Value": "jhcnv9o1pj"
        },
        {
          "Name": "integrity",
          "Value": "sha256-96HHOHV+tEQgEHi/rDZw2LxJRZd6efI9s7EfaToPbgI="
        },
        {
          "Name": "label",
          "Value": "main-3JLHADOU.js"
        }
      ]
    },
    {
      "Route": "main-3JLHADOU.jhcnv9o1pj.js",
      "AssetFile": "main-3JLHADOU.js.gz",
      "Selectors": [
        {
          "Name": "Content-Encoding",
          "Value": "gzip",
          "Quality": "0.000002771219"
        }
      ],
      "ResponseHeaders": [
        {
          "Name": "Accept-Ranges",
          "Value": "bytes"
        },
        {
          "Name": "Cache-Control",
          "Value": "max-age=31536000, immutable"
        },
        {
          "Name": "Content-Encoding",
          "Value": "gzip"
        },
        {
          "Name": "Content-Length",
          "Value": "360851"
        },
        {
          "Name": "Content-Type",
          "Value": "text/javascript"
        },
        {
          "Name": "ETag",
          "Value": "\"OTMibiTg9Mi1z9J6yC5g2USLLxWec3txrXIn/LacbHI=\""
        },
        {
          "Name": "ETag",
          "Value": "W/\"96HHOHV+tEQgEHi/rDZw2LxJRZd6efI9s7EfaToPbgI=\""
        },
        {
          "Name": "Last-Modified",
          "Value": "Mon, 07 Apr 2025 10:36:48 GMT"
        },
        {
          "Name": "Vary",
          "Value": "Content-Encoding"
        }
      ],
      "EndpointProperties": [
        {
          "Name": "fingerprint",
          "Value": "jhcnv9o1pj"
        },
        {
          "Name": "integrity",
          "Value": "sha256-96HHOHV+tEQgEHi/rDZw2LxJRZd6efI9s7EfaToPbgI="
        },
        {
          "Name": "label",
          "Value": "main-3JLHADOU.js"
        }
      ]
    },
    {
      "Route": "main-3JLHADOU.jhcnv9o1pj.js",
      "AssetFile": "main-3JLHADOU.js",
      "Selectors": [],
      "ResponseHeaders": [
        {
          "Name": "Accept-Ranges",
          "Value": "bytes"
        },
        {
          "Name": "Cache-Control",
          "Value": "max-age=31536000, immutable"
        },
        {
          "Name": "Content-Length",
          "Value": "1405605"
        },
        {
          "Name": "Content-Type",
          "Value": "text/javascript"
        },
        {
          "Name": "ETag",
          "Value": "\"96HHOHV+tEQgEHi/rDZw2LxJRZd6efI9s7EfaToPbgI=\""
        },
        {
          "Name": "Last-Modified",
          "Value": "Mon, 07 Apr 2025 10:36:48 GMT"
        }
      ],
      "EndpointProperties": [
        {
          "Name": "fingerprint",
          "Value": "jhcnv9o1pj"
        },
        {
          "Name": "integrity",
          "Value": "sha256-96HHOHV+tEQgEHi/rDZw2LxJRZd6efI9s7EfaToPbgI="
        },
        {
          "Name": "label",
          "Value": "main-3JLHADOU.js"
        }
      ]
    },
    {
      "Route": "main-3JLHADOU.jhcnv9o1pj.js.br",
      "AssetFile": "main-3JLHADOU.js.br",
      "Selectors": [],
      "ResponseHeaders": [
        {
          "Name": "Accept-Ranges",
          "Value": "bytes"
        },
        {
          "Name": "Cache-Control",
          "Value": "max-age=31536000, immutable"
        },
        {
          "Name": "Content-Encoding",
          "Value": "br"
        },
        {
          "Name": "Content-Length",
          "Value": "279817"
        },
        {
          "Name": "Content-Type",
          "Value": "text/javascript"
        },
        {
          "Name": "ETag",
          "Value": "\"a7uKN91jyY5ML1e9Za9Zz4ic8M+fUYhimG9Xtu9Tqh0=\""
        },
        {
          "Name": "Last-Modified",
          "Value": "Mon, 07 Apr 2025 10:36:48 GMT"
        },
        {
          "Name": "Vary",
          "Value": "Content-Encoding"
        }
      ],
      "EndpointProperties": [
        {
          "Name": "fingerprint",
          "Value": "jhcnv9o1pj"
        },
        {
          "Name": "integrity",
          "Value": "sha256-a7uKN91jyY5ML1e9Za9Zz4ic8M+fUYhimG9Xtu9Tqh0="
        },
        {
          "Name": "label",
          "Value": "main-3JLHADOU.js.br"
        }
      ]
    },
    {
      "Route": "main-3JLHADOU.jhcnv9o1pj.js.gz",
      "AssetFile": "main-3JLHADOU.js.gz",
      "Selectors": [],
      "ResponseHeaders": [
        {
          "Name": "Accept-Ranges",
          "Value": "bytes"
        },
        {
          "Name": "Cache-Control",
          "Value": "max-age=31536000, immutable"
        },
        {
          "Name": "Content-Encoding",
          "Value": "gzip"
        },
        {
          "Name": "Content-Length",
          "Value": "360851"
        },
        {
          "Name": "Content-Type",
          "Value": "text/javascript"
        },
        {
          "Name": "ETag",
          "Value": "\"OTMibiTg9Mi1z9J6yC5g2USLLxWec3txrXIn/LacbHI=\""
        },
        {
          "Name": "Last-Modified",
          "Value": "Mon, 07 Apr 2025 10:36:48 GMT"
        },
        {
          "Name": "Vary",
          "Value": "Content-Encoding"
        }
      ],
      "EndpointProperties": [
        {
          "Name": "fingerprint",
          "Value": "jhcnv9o1pj"
        },
        {
          "Name": "integrity",
          "Value": "sha256-OTMibiTg9Mi1z9J6yC5g2USLLxWec3txrXIn/LacbHI="
        },
        {
          "Name": "label",
          "Value": "main-3JLHADOU.js.gz"
        }
      ]
    },
    {
      "Route": "main-3JLHADOU.js",
      "AssetFile": "main-3JLHADOU.js.br",
      "Selectors": [
        {
          "Name": "Content-Encoding",
          "Value": "br",
          "Quality": "0.000003573752"
        }
      ],
      "ResponseHeaders": [
        {
          "Name": "Accept-Ranges",
          "Value": "bytes"
        },
        {
          "Name": "Cache-Control",
          "Value": "no-cache"
        },
        {
          "Name": "Content-Encoding",
          "Value": "br"
        },
        {
          "Name": "Content-Length",
          "Value": "279817"
        },
        {
          "Name": "Content-Type",
          "Value": "text/javascript"
        },
        {
          "Name": "ETag",
          "Value": "\"a7uKN91jyY5ML1e9Za9Zz4ic8M+fUYhimG9Xtu9Tqh0=\""
        },
        {
          "Name": "ETag",
          "Value": "W/\"96HHOHV+tEQgEHi/rDZw2LxJRZd6efI9s7EfaToPbgI=\""
        },
        {
          "Name": "Last-Modified",
          "Value": "Mon, 07 Apr 2025 10:36:48 GMT"
        },
        {
          "Name": "Vary",
          "Value": "Content-Encoding"
        }
      ],
      "EndpointProperties": [
        {
          "Name": "integrity",
          "Value": "sha256-96HHOHV+tEQgEHi/rDZw2LxJRZd6efI9s7EfaToPbgI="
        }
      ]
    },
    {
      "Route": "main-3JLHADOU.js",
      "AssetFile": "main-3JLHADOU.js.gz",
      "Selectors": [
        {
          "Name": "Content-Encoding",
          "Value": "gzip",
          "Quality": "0.000002771219"
        }
      ],
      "ResponseHeaders": [
        {
          "Name": "Accept-Ranges",
          "Value": "bytes"
        },
        {
          "Name": "Cache-Control",
          "Value": "no-cache"
        },
        {
          "Name": "Content-Encoding",
          "Value": "gzip"
        },
        {
          "Name": "Content-Length",
          "Value": "360851"
        },
        {
          "Name": "Content-Type",
          "Value": "text/javascript"
        },
        {
          "Name": "ETag",
          "Value": "\"OTMibiTg9Mi1z9J6yC5g2USLLxWec3txrXIn/LacbHI=\""
        },
        {
          "Name": "ETag",
          "Value": "W/\"96HHOHV+tEQgEHi/rDZw2LxJRZd6efI9s7EfaToPbgI=\""
        },
        {
          "Name": "Last-Modified",
          "Value": "Mon, 07 Apr 2025 10:36:48 GMT"
        },
        {
          "Name": "Vary",
          "Value": "Content-Encoding"
        }
      ],
      "EndpointProperties": [
        {
          "Name": "integrity",
          "Value": "sha256-96HHOHV+tEQgEHi/rDZw2LxJRZd6efI9s7EfaToPbgI="
        }
      ]
    },
    {
      "Route": "main-3JLHADOU.js",
      "AssetFile": "main-3JLHADOU.js",
      "Selectors": [],
      "ResponseHeaders": [
        {
          "Name": "Accept-Ranges",
          "Value": "bytes"
        },
        {
          "Name": "Cache-Control",
          "Value": "no-cache"
        },
        {
          "Name": "Content-Length",
          "Value": "1405605"
        },
        {
          "Name": "Content-Type",
          "Value": "text/javascript"
        },
        {
          "Name": "ETag",
          "Value": "\"96HHOHV+tEQgEHi/rDZw2LxJRZd6efI9s7EfaToPbgI=\""
        },
        {
          "Name": "Last-Modified",
          "Value": "Mon, 07 Apr 2025 10:36:48 GMT"
        }
      ],
      "EndpointProperties": [
        {
          "Name": "integrity",
          "Value": "sha256-96HHOHV+tEQgEHi/rDZw2LxJRZd6efI9s7EfaToPbgI="
        }
      ]
    },
    {
      "Route": "main-3JLHADOU.js.br",
      "AssetFile": "main-3JLHADOU.js.br",
      "Selectors": [],
      "ResponseHeaders": [
        {
          "Name": "Accept-Ranges",
          "Value": "bytes"
        },
        {
          "Name": "Cache-Control",
          "Value": "no-cache"
        },
        {
          "Name": "Content-Encoding",
          "Value": "br"
        },
        {
          "Name": "Content-Length",
          "Value": "279817"
        },
        {
          "Name": "Content-Type",
          "Value": "text/javascript"
        },
        {
          "Name": "ETag",
          "Value": "\"a7uKN91jyY5ML1e9Za9Zz4ic8M+fUYhimG9Xtu9Tqh0=\""
        },
        {
          "Name": "Last-Modified",
          "Value": "Mon, 07 Apr 2025 10:36:48 GMT"
        },
        {
          "Name": "Vary",
          "Value": "Content-Encoding"
        }
      ],
      "EndpointProperties": [
        {
          "Name": "integrity",
          "Value": "sha256-a7uKN91jyY5ML1e9Za9Zz4ic8M+fUYhimG9Xtu9Tqh0="
        }
      ]
    },
    {
      "Route": "main-3JLHADOU.js.gz",
      "AssetFile": "main-3JLHADOU.js.gz",
      "Selectors": [],
      "ResponseHeaders": [
        {
          "Name": "Accept-Ranges",
          "Value": "bytes"
        },
        {
          "Name": "Cache-Control",
          "Value": "no-cache"
        },
        {
          "Name": "Content-Encoding",
          "Value": "gzip"
        },
        {
          "Name": "Content-Length",
          "Value": "360851"
        },
        {
          "Name": "Content-Type",
          "Value": "text/javascript"
        },
        {
          "Name": "ETag",
          "Value": "\"OTMibiTg9Mi1z9J6yC5g2USLLxWec3txrXIn/LacbHI=\""
        },
        {
          "Name": "Last-Modified",
          "Value": "Mon, 07 Apr 2025 10:36:48 GMT"
        },
        {
          "Name": "Vary",
          "Value": "Content-Encoding"
        }
      ],
      "EndpointProperties": [
        {
          "Name": "integrity",
          "Value": "sha256-OTMibiTg9Mi1z9J6yC5g2USLLxWec3txrXIn/LacbHI="
        }
      ]
    },
    {
      "Route": "polyfills-FFHMD2TL.39tegmrjtp.js",
      "AssetFile": "polyfills-FFHMD2TL.js.br",
      "Selectors": [
        {
          "Name": "Content-Encoding",
          "Value": "br",
          "Quality": "0.000088636767"
        }
      ],
      "ResponseHeaders": [
        {
          "Name": "Accept-Ranges",
          "Value": "bytes"
        },
        {
          "Name": "Cache-Control",
          "Value": "max-age=31536000, immutable"
        },
        {
          "Name": "Content-Encoding",
          "Value": "br"
        },
        {
          "Name": "Content-Length",
          "Value": "11281"
        },
        {
          "Name": "Content-Type",
          "Value": "text/javascript"
        },
        {
          "Name": "ETag",
          "Value": "\"f7o/UqxPl0Oka4CNAP9duYnZgpjuS/aDEJ6rWCKX9ZA=\""
        },
        {
          "Name": "ETag",
          "Value": "W/\"adzqBFZD3Q3pmKPNDMu7RrRr/yZRqHpWxzwo6yCOj5g=\""
        },
        {
          "Name": "Last-Modified",
          "Value": "Mon, 07 Apr 2025 10:36:48 GMT"
        },
        {
          "Name": "Vary",
          "Value": "Content-Encoding"
        }
      ],
      "EndpointProperties": [
        {
          "Name": "fingerprint",
          "Value": "39tegmrjtp"
        },
        {
          "Name": "integrity",
          "Value": "sha256-adzqBFZD3Q3pmKPNDMu7RrRr/yZRqHpWxzwo6yCOj5g="
        },
        {
          "Name": "label",
          "Value": "polyfills-FFHMD2TL.js"
        }
      ]
    },
    {
      "Route": "polyfills-FFHMD2TL.39tegmrjtp.js",
      "AssetFile": "polyfills-FFHMD2TL.js.gz",
      "Selectors": [
        {
          "Name": "Content-Encoding",
          "Value": "gzip",
          "Quality": "0.000079636856"
        }
      ],
      "ResponseHeaders": [
        {
          "Name": "Accept-Ranges",
          "Value": "bytes"
        },
        {
          "Name": "Cache-Control",
          "Value": "max-age=31536000, immutable"
        },
        {
          "Name": "Content-Encoding",
          "Value": "gzip"
        },
        {
          "Name": "Content-Length",
          "Value": "12556"
        },
        {
          "Name": "Content-Type",
          "Value": "text/javascript"
        },
        {
          "Name": "ETag",
          "Value": "\"wNJFFxSczIGO97svjP9ishXOSHGLv5Y4VbZ5Mb0PkLw=\""
        },
        {
          "Name": "ETag",
          "Value": "W/\"adzqBFZD3Q3pmKPNDMu7RrRr/yZRqHpWxzwo6yCOj5g=\""
        },
        {
          "Name": "Last-Modified",
          "Value": "Mon, 07 Apr 2025 10:36:48 GMT"
        },
        {
          "Name": "Vary",
          "Value": "Content-Encoding"
        }
      ],
      "EndpointProperties": [
        {
          "Name": "fingerprint",
          "Value": "39tegmrjtp"
        },
        {
          "Name": "integrity",
          "Value": "sha256-adzqBFZD3Q3pmKPNDMu7RrRr/yZRqHpWxzwo6yCOj5g="
        },
        {
          "Name": "label",
          "Value": "polyfills-FFHMD2TL.js"
        }
      ]
    },
    {
      "Route": "polyfills-FFHMD2TL.39tegmrjtp.js",
      "AssetFile": "polyfills-FFHMD2TL.js",
      "Selectors": [],
      "ResponseHeaders": [
        {
          "Name": "Accept-Ranges",
          "Value": "bytes"
        },
        {
          "Name": "Cache-Control",
          "Value": "max-age=31536000, immutable"
        },
        {
          "Name": "Content-Length",
          "Value": "34519"
        },
        {
          "Name": "Content-Type",
          "Value": "text/javascript"
        },
        {
          "Name": "ETag",
          "Value": "\"adzqBFZD3Q3pmKPNDMu7RrRr/yZRqHpWxzwo6yCOj5g=\""
        },
        {
          "Name": "Last-Modified",
          "Value": "Mon, 07 Apr 2025 10:36:48 GMT"
        }
      ],
      "EndpointProperties": [
        {
          "Name": "fingerprint",
          "Value": "39tegmrjtp"
        },
        {
          "Name": "integrity",
          "Value": "sha256-adzqBFZD3Q3pmKPNDMu7RrRr/yZRqHpWxzwo6yCOj5g="
        },
        {
          "Name": "label",
          "Value": "polyfills-FFHMD2TL.js"
        }
      ]
    },
    {
      "Route": "polyfills-FFHMD2TL.39tegmrjtp.js.br",
      "AssetFile": "polyfills-FFHMD2TL.js.br",
      "Selectors": [],
      "ResponseHeaders": [
        {
          "Name": "Accept-Ranges",
          "Value": "bytes"
        },
        {
          "Name": "Cache-Control",
          "Value": "max-age=31536000, immutable"
        },
        {
          "Name": "Content-Encoding",
          "Value": "br"
        },
        {
          "Name": "Content-Length",
          "Value": "11281"
        },
        {
          "Name": "Content-Type",
          "Value": "text/javascript"
        },
        {
          "Name": "ETag",
          "Value": "\"f7o/UqxPl0Oka4CNAP9duYnZgpjuS/aDEJ6rWCKX9ZA=\""
        },
        {
          "Name": "Last-Modified",
          "Value": "Mon, 07 Apr 2025 10:36:48 GMT"
        },
        {
          "Name": "Vary",
          "Value": "Content-Encoding"
        }
      ],
      "EndpointProperties": [
        {
          "Name": "fingerprint",
          "Value": "39tegmrjtp"
        },
        {
          "Name": "integrity",
          "Value": "sha256-f7o/UqxPl0Oka4CNAP9duYnZgpjuS/aDEJ6rWCKX9ZA="
        },
        {
          "Name": "label",
          "Value": "polyfills-FFHMD2TL.js.br"
        }
      ]
    },
    {
      "Route": "polyfills-FFHMD2TL.39tegmrjtp.js.gz",
      "AssetFile": "polyfills-FFHMD2TL.js.gz",
      "Selectors": [],
      "ResponseHeaders": [
        {
          "Name": "Accept-Ranges",
          "Value": "bytes"
        },
        {
          "Name": "Cache-Control",
          "Value": "max-age=31536000, immutable"
        },
        {
          "Name": "Content-Encoding",
          "Value": "gzip"
        },
        {
          "Name": "Content-Length",
          "Value": "12556"
        },
        {
          "Name": "Content-Type",
          "Value": "text/javascript"
        },
        {
          "Name": "ETag",
          "Value": "\"wNJFFxSczIGO97svjP9ishXOSHGLv5Y4VbZ5Mb0PkLw=\""
        },
        {
          "Name": "Last-Modified",
          "Value": "Mon, 07 Apr 2025 10:36:48 GMT"
        },
        {
          "Name": "Vary",
          "Value": "Content-Encoding"
        }
      ],
      "EndpointProperties": [
        {
          "Name": "fingerprint",
          "Value": "39tegmrjtp"
        },
        {
          "Name": "integrity",
          "Value": "sha256-wNJFFxSczIGO97svjP9ishXOSHGLv5Y4VbZ5Mb0PkLw="
        },
        {
          "Name": "label",
          "Value": "polyfills-FFHMD2TL.js.gz"
        }
      ]
    },
    {
      "Route": "polyfills-FFHMD2TL.js",
      "AssetFile": "polyfills-FFHMD2TL.js.br",
      "Selectors": [
        {
          "Name": "Content-Encoding",
          "Value": "br",
          "Quality": "0.000088636767"
        }
      ],
      "ResponseHeaders": [
        {
          "Name": "Accept-Ranges",
          "Value": "bytes"
        },
        {
          "Name": "Cache-Control",
          "Value": "no-cache"
        },
        {
          "Name": "Content-Encoding",
          "Value": "br"
        },
        {
          "Name": "Content-Length",
          "Value": "11281"
        },
        {
          "Name": "Content-Type",
          "Value": "text/javascript"
        },
        {
          "Name": "ETag",
          "Value": "\"f7o/UqxPl0Oka4CNAP9duYnZgpjuS/aDEJ6rWCKX9ZA=\""
        },
        {
          "Name": "ETag",
          "Value": "W/\"adzqBFZD3Q3pmKPNDMu7RrRr/yZRqHpWxzwo6yCOj5g=\""
        },
        {
          "Name": "Last-Modified",
          "Value": "Mon, 07 Apr 2025 10:36:48 GMT"
        },
        {
          "Name": "Vary",
          "Value": "Content-Encoding"
        }
      ],
      "EndpointProperties": [
        {
          "Name": "integrity",
          "Value": "sha256-adzqBFZD3Q3pmKPNDMu7RrRr/yZRqHpWxzwo6yCOj5g="
        }
      ]
    },
    {
      "Route": "polyfills-FFHMD2TL.js",
      "AssetFile": "polyfills-FFHMD2TL.js.gz",
      "Selectors": [
        {
          "Name": "Content-Encoding",
          "Value": "gzip",
          "Quality": "0.000079636856"
        }
      ],
      "ResponseHeaders": [
        {
          "Name": "Accept-Ranges",
          "Value": "bytes"
        },
        {
          "Name": "Cache-Control",
          "Value": "no-cache"
        },
        {
          "Name": "Content-Encoding",
          "Value": "gzip"
        },
        {
          "Name": "Content-Length",
          "Value": "12556"
        },
        {
          "Name": "Content-Type",
          "Value": "text/javascript"
        },
        {
          "Name": "ETag",
          "Value": "\"wNJFFxSczIGO97svjP9ishXOSHGLv5Y4VbZ5Mb0PkLw=\""
        },
        {
          "Name": "ETag",
          "Value": "W/\"adzqBFZD3Q3pmKPNDMu7RrRr/yZRqHpWxzwo6yCOj5g=\""
        },
        {
          "Name": "Last-Modified",
          "Value": "Mon, 07 Apr 2025 10:36:48 GMT"
        },
        {
          "Name": "Vary",
          "Value": "Content-Encoding"
        }
      ],
      "EndpointProperties": [
        {
          "Name": "integrity",
          "Value": "sha256-adzqBFZD3Q3pmKPNDMu7RrRr/yZRqHpWxzwo6yCOj5g="
        }
      ]
    },
    {
      "Route": "polyfills-FFHMD2TL.js",
      "AssetFile": "polyfills-FFHMD2TL.js",
      "Selectors": [],
      "ResponseHeaders": [
        {
          "Name": "Accept-Ranges",
          "Value": "bytes"
        },
        {
          "Name": "Cache-Control",
          "Value": "no-cache"
        },
        {
          "Name": "Content-Length",
          "Value": "34519"
        },
        {
          "Name": "Content-Type",
          "Value": "text/javascript"
        },
        {
          "Name": "ETag",
          "Value": "\"adzqBFZD3Q3pmKPNDMu7RrRr/yZRqHpWxzwo6yCOj5g=\""
        },
        {
          "Name": "Last-Modified",
          "Value": "Mon, 07 Apr 2025 10:36:48 GMT"
        }
      ],
      "EndpointProperties": [
        {
          "Name": "integrity",
          "Value": "sha256-adzqBFZD3Q3pmKPNDMu7RrRr/yZRqHpWxzwo6yCOj5g="
        }
      ]
    },
    {
      "Route": "polyfills-FFHMD2TL.js.br",
      "AssetFile": "polyfills-FFHMD2TL.js.br",
      "Selectors": [],
      "ResponseHeaders": [
        {
          "Name": "Accept-Ranges",
          "Value": "bytes"
        },
        {
          "Name": "Cache-Control",
          "Value": "no-cache"
        },
        {
          "Name": "Content-Encoding",
          "Value": "br"
        },
        {
          "Name": "Content-Length",
          "Value": "11281"
        },
        {
          "Name": "Content-Type",
          "Value": "text/javascript"
        },
        {
          "Name": "ETag",
          "Value": "\"f7o/UqxPl0Oka4CNAP9duYnZgpjuS/aDEJ6rWCKX9ZA=\""
        },
        {
          "Name": "Last-Modified",
          "Value": "Mon, 07 Apr 2025 10:36:48 GMT"
        },
        {
          "Name": "Vary",
          "Value": "Content-Encoding"
        }
      ],
      "EndpointProperties": [
        {
          "Name": "integrity",
          "Value": "sha256-f7o/UqxPl0Oka4CNAP9duYnZgpjuS/aDEJ6rWCKX9ZA="
        }
      ]
    },
    {
      "Route": "polyfills-FFHMD2TL.js.gz",
      "AssetFile": "polyfills-FFHMD2TL.js.gz",
      "Selectors": [],
      "ResponseHeaders": [
        {
          "Name": "Accept-Ranges",
          "Value": "bytes"
        },
        {
          "Name": "Cache-Control",
          "Value": "no-cache"
        },
        {
          "Name": "Content-Encoding",
          "Value": "gzip"
        },
        {
          "Name": "Content-Length",
          "Value": "12556"
        },
        {
          "Name": "Content-Type",
          "Value": "text/javascript"
        },
        {
          "Name": "ETag",
          "Value": "\"wNJFFxSczIGO97svjP9ishXOSHGLv5Y4VbZ5Mb0PkLw=\""
        },
        {
          "Name": "Last-Modified",
          "Value": "Mon, 07 Apr 2025 10:36:48 GMT"
        },
        {
          "Name": "Vary",
          "Value": "Content-Encoding"
        }
      ],
      "EndpointProperties": [
        {
          "Name": "integrity",
          "Value": "sha256-wNJFFxSczIGO97svjP9ishXOSHGLv5Y4VbZ5Mb0PkLw="
        }
      ]
    },
    {
      "Route": "prerendered-routes.json",
      "AssetFile": "prerendered-routes.json.br",
      "Selectors": [
        {
          "Name": "Content-Encoding",
          "Value": "br",
          "Quality": "0.043478260870"
        }
      ],
      "ResponseHeaders": [
        {
          "Name": "Accept-Ranges",
          "Value": "bytes"
        },
        {
          "Name": "Cache-Control",
          "Value": "no-cache"
        },
        {
          "Name": "Content-Encoding",
          "Value": "br"
        },
        {
          "Name": "Content-Length",
          "Value": "22"
        },
        {
          "Name": "Content-Type",
          "Value": "application/json"
        },
        {
          "Name": "ETag",
          "Value": "\"AAOcDdoxFiyeGdEWYmSBa0pItxin+SuPp3FEivY+fgo=\""
        },
        {
          "Name": "ETag",
          "Value": "W/\"p53cyKEVGQ6cGUee02kUdBp9HbdPChFTUp78gHJVBf4=\""
        },
        {
          "Name": "Last-Modified",
          "Value": "Mon, 07 Apr 2025 10:36:48 GMT"
        },
        {
          "Name": "Vary",
          "Value": "Content-Encoding"
        }
      ],
      "EndpointProperties": [
        {
          "Name": "integrity",
          "Value": "sha256-p53cyKEVGQ6cGUee02kUdBp9HbdPChFTUp78gHJVBf4="
        }
      ]
    },
    {
      "Route": "prerendered-routes.json",
      "AssetFile": "prerendered-routes.json.gz",
      "Selectors": [
        {
          "Name": "Content-Encoding",
          "Value": "gzip",
          "Quality": "0.025641025641"
        }
      ],
      "ResponseHeaders": [
        {
          "Name": "Accept-Ranges",
          "Value": "bytes"
        },
        {
          "Name": "Cache-Control",
          "Value": "no-cache"
        },
        {
          "Name": "Content-Encoding",
          "Value": "gzip"
        },
        {
          "Name": "Content-Length",
          "Value": "38"
        },
        {
          "Name": "Content-Type",
          "Value": "application/json"
        },
        {
          "Name": "ETag",
          "Value": "\"o1VjVQwEDpUxfB4dvCKgJktgYa0JihcBq69Qd6fuU3I=\""
        },
        {
          "Name": "ETag",
          "Value": "W/\"p53cyKEVGQ6cGUee02kUdBp9HbdPChFTUp78gHJVBf4=\""
        },
        {
          "Name": "Last-Modified",
          "Value": "Mon, 07 Apr 2025 10:36:48 GMT"
        },
        {
          "Name": "Vary",
          "Value": "Content-Encoding"
        }
      ],
      "EndpointProperties": [
        {
          "Name": "integrity",
          "Value": "sha256-p53cyKEVGQ6cGUee02kUdBp9HbdPChFTUp78gHJVBf4="
        }
      ]
    },
    {
      "Route": "prerendered-routes.json",
      "AssetFile": "prerendered-routes.json",
      "Selectors": [],
      "ResponseHeaders": [
        {
          "Name": "Accept-Ranges",
          "Value": "bytes"
        },
        {
          "Name": "Cache-Control",
          "Value": "no-cache"
        },
        {
          "Name": "Content-Length",
          "Value": "18"
        },
        {
          "Name": "Content-Type",
          "Value": "application/json"
        },
        {
          "Name": "ETag",
          "Value": "\"p53cyKEVGQ6cGUee02kUdBp9HbdPChFTUp78gHJVBf4=\""
        },
        {
          "Name": "Last-Modified",
          "Value": "Mon, 07 Apr 2025 10:36:48 GMT"
        }
      ],
      "EndpointProperties": [
        {
          "Name": "integrity",
          "Value": "sha256-p53cyKEVGQ6cGUee02kUdBp9HbdPChFTUp78gHJVBf4="
        }
      ]
    },
    {
      "Route": "prerendered-routes.json.br",
      "AssetFile": "prerendered-routes.json.br",
      "Selectors": [],
      "ResponseHeaders": [
        {
          "Name": "Accept-Ranges",
          "Value": "bytes"
        },
        {
          "Name": "Cache-Control",
          "Value": "no-cache"
        },
        {
          "Name": "Content-Encoding",
          "Value": "br"
        },
        {
          "Name": "Content-Length",
          "Value": "22"
        },
        {
          "Name": "Content-Type",
          "Value": "application/json"
        },
        {
          "Name": "ETag",
          "Value": "\"AAOcDdoxFiyeGdEWYmSBa0pItxin+SuPp3FEivY+fgo=\""
        },
        {
          "Name": "Last-Modified",
          "Value": "Mon, 07 Apr 2025 10:36:48 GMT"
        },
        {
          "Name": "Vary",
          "Value": "Content-Encoding"
        }
      ],
      "EndpointProperties": [
        {
          "Name": "integrity",
          "Value": "sha256-AAOcDdoxFiyeGdEWYmSBa0pItxin+SuPp3FEivY+fgo="
        }
      ]
    },
    {
      "Route": "prerendered-routes.json.gz",
      "AssetFile": "prerendered-routes.json.gz",
      "Selectors": [],
      "ResponseHeaders": [
        {
          "Name": "Accept-Ranges",
          "Value": "bytes"
        },
        {
          "Name": "Cache-Control",
          "Value": "no-cache"
        },
        {
          "Name": "Content-Encoding",
          "Value": "gzip"
        },
        {
          "Name": "Content-Length",
          "Value": "38"
        },
        {
          "Name": "Content-Type",
          "Value": "application/json"
        },
        {
          "Name": "ETag",
          "Value": "\"o1VjVQwEDpUxfB4dvCKgJktgYa0JihcBq69Qd6fuU3I=\""
        },
        {
          "Name": "Last-Modified",
          "Value": "Mon, 07 Apr 2025 10:36:48 GMT"
        },
        {
          "Name": "Vary",
          "Value": "Content-Encoding"
        }
      ],
      "EndpointProperties": [
        {
          "Name": "integrity",
          "Value": "sha256-o1VjVQwEDpUxfB4dvCKgJktgYa0JihcBq69Qd6fuU3I="
        }
      ]
    },
    {
      "Route": "prerendered-routes.tvy3j3n584.json",
      "AssetFile": "prerendered-routes.json.br",
      "Selectors": [
        {
          "Name": "Content-Encoding",
          "Value": "br",
          "Quality": "0.043478260870"
        }
      ],
      "ResponseHeaders": [
        {
          "Name": "Accept-Ranges",
          "Value": "bytes"
        },
        {
          "Name": "Cache-Control",
          "Value": "max-age=31536000, immutable"
        },
        {
          "Name": "Content-Encoding",
          "Value": "br"
        },
        {
          "Name": "Content-Length",
          "Value": "22"
        },
        {
          "Name": "Content-Type",
          "Value": "application/json"
        },
        {
          "Name": "ETag",
          "Value": "\"AAOcDdoxFiyeGdEWYmSBa0pItxin+SuPp3FEivY+fgo=\""
        },
        {
          "Name": "ETag",
          "Value": "W/\"p53cyKEVGQ6cGUee02kUdBp9HbdPChFTUp78gHJVBf4=\""
        },
        {
          "Name": "Last-Modified",
          "Value": "Mon, 07 Apr 2025 10:36:48 GMT"
        },
        {
          "Name": "Vary",
          "Value": "Content-Encoding"
        }
      ],
      "EndpointProperties": [
        {
          "Name": "fingerprint",
          "Value": "tvy3j3n584"
        },
        {
          "Name": "integrity",
          "Value": "sha256-p53cyKEVGQ6cGUee02kUdBp9HbdPChFTUp78gHJVBf4="
        },
        {
          "Name": "label",
          "Value": "prerendered-routes.json"
        }
      ]
    },
    {
      "Route": "prerendered-routes.tvy3j3n584.json",
      "AssetFile": "prerendered-routes.json.gz",
      "Selectors": [
        {
          "Name": "Content-Encoding",
          "Value": "gzip",
          "Quality": "0.025641025641"
        }
      ],
      "ResponseHeaders": [
        {
          "Name": "Accept-Ranges",
          "Value": "bytes"
        },
        {
          "Name": "Cache-Control",
          "Value": "max-age=31536000, immutable"
        },
        {
          "Name": "Content-Encoding",
          "Value": "gzip"
        },
        {
          "Name": "Content-Length",
          "Value": "38"
        },
        {
          "Name": "Content-Type",
          "Value": "application/json"
        },
        {
          "Name": "ETag",
          "Value": "\"o1VjVQwEDpUxfB4dvCKgJktgYa0JihcBq69Qd6fuU3I=\""
        },
        {
          "Name": "ETag",
          "Value": "W/\"p53cyKEVGQ6cGUee02kUdBp9HbdPChFTUp78gHJVBf4=\""
        },
        {
          "Name": "Last-Modified",
          "Value": "Mon, 07 Apr 2025 10:36:48 GMT"
        },
        {
          "Name": "Vary",
          "Value": "Content-Encoding"
        }
      ],
      "EndpointProperties": [
        {
          "Name": "fingerprint",
          "Value": "tvy3j3n584"
        },
        {
          "Name": "integrity",
          "Value": "sha256-p53cyKEVGQ6cGUee02kUdBp9HbdPChFTUp78gHJVBf4="
        },
        {
          "Name": "label",
          "Value": "prerendered-routes.json"
        }
      ]
    },
    {
      "Route": "prerendered-routes.tvy3j3n584.json",
      "AssetFile": "prerendered-routes.json",
      "Selectors": [],
      "ResponseHeaders": [
        {
          "Name": "Accept-Ranges",
          "Value": "bytes"
        },
        {
          "Name": "Cache-Control",
          "Value": "max-age=31536000, immutable"
        },
        {
          "Name": "Content-Length",
          "Value": "18"
        },
        {
          "Name": "Content-Type",
          "Value": "application/json"
        },
        {
          "Name": "ETag",
          "Value": "\"p53cyKEVGQ6cGUee02kUdBp9HbdPChFTUp78gHJVBf4=\""
        },
        {
          "Name": "Last-Modified",
          "Value": "Mon, 07 Apr 2025 10:36:48 GMT"
        }
      ],
      "EndpointProperties": [
        {
          "Name": "fingerprint",
          "Value": "tvy3j3n584"
        },
        {
          "Name": "integrity",
          "Value": "sha256-p53cyKEVGQ6cGUee02kUdBp9HbdPChFTUp78gHJVBf4="
        },
        {
          "Name": "label",
          "Value": "prerendered-routes.json"
        }
      ]
    },
    {
      "Route": "prerendered-routes.tvy3j3n584.json.br",
      "AssetFile": "prerendered-routes.json.br",
      "Selectors": [],
      "ResponseHeaders": [
        {
          "Name": "Accept-Ranges",
          "Value": "bytes"
        },
        {
          "Name": "Cache-Control",
          "Value": "max-age=31536000, immutable"
        },
        {
          "Name": "Content-Encoding",
          "Value": "br"
        },
        {
          "Name": "Content-Length",
          "Value": "22"
        },
        {
          "Name": "Content-Type",
          "Value": "application/json"
        },
        {
          "Name": "ETag",
          "Value": "\"AAOcDdoxFiyeGdEWYmSBa0pItxin+SuPp3FEivY+fgo=\""
        },
        {
          "Name": "Last-Modified",
          "Value": "Mon, 07 Apr 2025 10:36:48 GMT"
        },
        {
          "Name": "Vary",
          "Value": "Content-Encoding"
        }
      ],
      "EndpointProperties": [
        {
          "Name": "fingerprint",
          "Value": "tvy3j3n584"
        },
        {
          "Name": "integrity",
          "Value": "sha256-AAOcDdoxFiyeGdEWYmSBa0pItxin+SuPp3FEivY+fgo="
        },
        {
          "Name": "label",
          "Value": "prerendered-routes.json.br"
        }
      ]
    },
    {
      "Route": "prerendered-routes.tvy3j3n584.json.gz",
      "AssetFile": "prerendered-routes.json.gz",
      "Selectors": [],
      "ResponseHeaders": [
        {
          "Name": "Accept-Ranges",
          "Value": "bytes"
        },
        {
          "Name": "Cache-Control",
          "Value": "max-age=31536000, immutable"
        },
        {
          "Name": "Content-Encoding",
          "Value": "gzip"
        },
        {
          "Name": "Content-Length",
          "Value": "38"
        },
        {
          "Name": "Content-Type",
          "Value": "application/json"
        },
        {
          "Name": "ETag",
          "Value": "\"o1VjVQwEDpUxfB4dvCKgJktgYa0JihcBq69Qd6fuU3I=\""
        },
        {
          "Name": "Last-Modified",
          "Value": "Mon, 07 Apr 2025 10:36:48 GMT"
        },
        {
          "Name": "Vary",
          "Value": "Content-Encoding"
        }
      ],
      "EndpointProperties": [
        {
          "Name": "fingerprint",
          "Value": "tvy3j3n584"
        },
        {
          "Name": "integrity",
          "Value": "sha256-o1VjVQwEDpUxfB4dvCKgJktgYa0JihcBq69Qd6fuU3I="
        },
        {
          "Name": "label",
          "Value": "prerendered-routes.json.gz"
        }
      ]
    },
    {
      "Route": "styles-APQXLMEW.css",
      "AssetFile": "styles-APQXLMEW.css.gz",
      "Selectors": [
        {
          "Name": "Content-Encoding",
          "Value": "gzip",
          "Quality": "0.000707714084"
        }
      ],
      "ResponseHeaders": [
        {
          "Name": "Accept-Ranges",
          "Value": "bytes"
        },
        {
          "Name": "Cache-Control",
          "Value": "no-cache"
        },
        {
          "Name": "Content-Encoding",
          "Value": "gzip"
        },
        {
          "Name": "Content-Length",
          "Value": "1412"
        },
        {
          "Name": "Content-Type",
          "Value": "text/css"
        },
        {
          "Name": "ETag",
          "Value": "\"wViez1CukA2HysHRw6bbwe5s3rspbv0syccuEY/Rr5g=\""
        },
        {
          "Name": "ETag",
          "Value": "W/\"1TZvm/k0xNgMXWaBYdbEHmNVe09jrFKVH2Mpk7yiRzw=\""
        },
        {
          "Name": "Last-Modified",
          "Value": "Mon, 07 Apr 2025 10:36:48 GMT"
        },
        {
          "Name": "Vary",
          "Value": "Content-Encoding"
        }
      ],
      "EndpointProperties": [
        {
          "Name": "integrity",
          "Value": "sha256-1TZvm/k0xNgMXWaBYdbEHmNVe09jrFKVH2Mpk7yiRzw="
        }
      ]
    },
    {
      "Route": "styles-APQXLMEW.css",
      "AssetFile": "styles-APQXLMEW.css.br",
      "Selectors": [
        {
          "Name": "Content-Encoding",
          "Value": "br",
          "Quality": "0.000856898029"
        }
      ],
      "ResponseHeaders": [
        {
          "Name": "Accept-Ranges",
          "Value": "bytes"
        },
        {
          "Name": "Cache-Control",
          "Value": "no-cache"
        },
        {
          "Name": "Content-Encoding",
          "Value": "br"
        },
        {
          "Name": "Content-Length",
          "Value": "1166"
        },
        {
          "Name": "Content-Type",
          "Value": "text/css"
        },
        {
          "Name": "ETag",
          "Value": "\"XiBkfJ782VVdgaNjbVAMZBGe+E+weF8I24jvoP5oMps=\""
        },
        {
          "Name": "ETag",
          "Value": "W/\"1TZvm/k0xNgMXWaBYdbEHmNVe09jrFKVH2Mpk7yiRzw=\""
        },
        {
          "Name": "Last-Modified",
          "Value": "Mon, 07 Apr 2025 10:36:48 GMT"
        },
        {
          "Name": "Vary",
          "Value": "Content-Encoding"
        }
      ],
      "EndpointProperties": [
        {
          "Name": "integrity",
          "Value": "sha256-1TZvm/k0xNgMXWaBYdbEHmNVe09jrFKVH2Mpk7yiRzw="
        }
      ]
    },
    {
      "Route": "styles-APQXLMEW.css",
      "AssetFile": "styles-APQXLMEW.css",
      "Selectors": [],
      "ResponseHeaders": [
        {
          "Name": "Accept-Ranges",
          "Value": "bytes"
        },
        {
          "Name": "Cache-Control",
          "Value": "no-cache"
        },
        {
          "Name": "Content-Length",
          "Value": "7083"
        },
        {
          "Name": "Content-Type",
          "Value": "text/css"
        },
        {
          "Name": "ETag",
          "Value": "\"1TZvm/k0xNgMXWaBYdbEHmNVe09jrFKVH2Mpk7yiRzw=\""
        },
        {
          "Name": "Last-Modified",
          "Value": "Mon, 07 Apr 2025 10:36:48 GMT"
        }
      ],
      "EndpointProperties": [
        {
          "Name": "integrity",
          "Value": "sha256-1TZvm/k0xNgMXWaBYdbEHmNVe09jrFKVH2Mpk7yiRzw="
        }
      ]
    },
    {
      "Route": "styles-APQXLMEW.css.br",
      "AssetFile": "styles-APQXLMEW.css.br",
      "Selectors": [],
      "ResponseHeaders": [
        {
          "Name": "Accept-Ranges",
          "Value": "bytes"
        },
        {
          "Name": "Cache-Control",
          "Value": "no-cache"
        },
        {
          "Name": "Content-Encoding",
          "Value": "br"
        },
        {
          "Name": "Content-Length",
          "Value": "1166"
        },
        {
          "Name": "Content-Type",
          "Value": "text/css"
        },
        {
          "Name": "ETag",
          "Value": "\"XiBkfJ782VVdgaNjbVAMZBGe+E+weF8I24jvoP5oMps=\""
        },
        {
          "Name": "Last-Modified",
          "Value": "Mon, 07 Apr 2025 10:36:48 GMT"
        },
        {
          "Name": "Vary",
          "Value": "Content-Encoding"
        }
      ],
      "EndpointProperties": [
        {
          "Name": "integrity",
          "Value": "sha256-XiBkfJ782VVdgaNjbVAMZBGe+E+weF8I24jvoP5oMps="
        }
      ]
    },
    {
      "Route": "styles-APQXLMEW.css.gz",
      "AssetFile": "styles-APQXLMEW.css.gz",
      "Selectors": [],
      "ResponseHeaders": [
        {
          "Name": "Accept-Ranges",
          "Value": "bytes"
        },
        {
          "Name": "Cache-Control",
          "Value": "no-cache"
        },
        {
          "Name": "Content-Encoding",
          "Value": "gzip"
        },
        {
          "Name": "Content-Length",
          "Value": "1412"
        },
        {
          "Name": "Content-Type",
          "Value": "text/css"
        },
        {
          "Name": "ETag",
          "Value": "\"wViez1CukA2HysHRw6bbwe5s3rspbv0syccuEY/Rr5g=\""
        },
        {
          "Name": "Last-Modified",
          "Value": "Mon, 07 Apr 2025 10:36:48 GMT"
        },
        {
          "Name": "Vary",
          "Value": "Content-Encoding"
        }
      ],
      "EndpointProperties": [
        {
          "Name": "integrity",
          "Value": "sha256-wViez1CukA2HysHRw6bbwe5s3rspbv0syccuEY/Rr5g="
        }
      ]
    },
    {
      "Route": "styles-APQXLMEW.dmn5ggifut.css",
      "AssetFile": "styles-APQXLMEW.css.gz",
      "Selectors": [
        {
          "Name": "Content-Encoding",
          "Value": "gzip",
          "Quality": "0.000707714084"
        }
      ],
      "ResponseHeaders": [
        {
          "Name": "Accept-Ranges",
          "Value": "bytes"
        },
        {
          "Name": "Cache-Control",
          "Value": "max-age=31536000, immutable"
        },
        {
          "Name": "Content-Encoding",
          "Value": "gzip"
        },
        {
          "Name": "Content-Length",
          "Value": "1412"
        },
        {
          "Name": "Content-Type",
          "Value": "text/css"
        },
        {
          "Name": "ETag",
          "Value": "\"wViez1CukA2HysHRw6bbwe5s3rspbv0syccuEY/Rr5g=\""
        },
        {
          "Name": "ETag",
          "Value": "W/\"1TZvm/k0xNgMXWaBYdbEHmNVe09jrFKVH2Mpk7yiRzw=\""
        },
        {
          "Name": "Last-Modified",
          "Value": "Mon, 07 Apr 2025 10:36:48 GMT"
        },
        {
          "Name": "Vary",
          "Value": "Content-Encoding"
        }
      ],
      "EndpointProperties": [
        {
          "Name": "fingerprint",
          "Value": "dmn5ggifut"
        },
        {
          "Name": "integrity",
          "Value": "sha256-1TZvm/k0xNgMXWaBYdbEHmNVe09jrFKVH2Mpk7yiRzw="
        },
        {
          "Name": "label",
          "Value": "styles-APQXLMEW.css"
        }
      ]
    },
    {
      "Route": "styles-APQXLMEW.dmn5ggifut.css",
      "AssetFile": "styles-APQXLMEW.css.br",
      "Selectors": [
        {
          "Name": "Content-Encoding",
          "Value": "br",
          "Quality": "0.000856898029"
        }
      ],
      "ResponseHeaders": [
        {
          "Name": "Accept-Ranges",
          "Value": "bytes"
        },
        {
          "Name": "Cache-Control",
          "Value": "max-age=31536000, immutable"
        },
        {
          "Name": "Content-Encoding",
          "Value": "br"
        },
        {
          "Name": "Content-Length",
          "Value": "1166"
        },
        {
          "Name": "Content-Type",
          "Value": "text/css"
        },
        {
          "Name": "ETag",
          "Value": "\"XiBkfJ782VVdgaNjbVAMZBGe+E+weF8I24jvoP5oMps=\""
        },
        {
          "Name": "ETag",
          "Value": "W/\"1TZvm/k0xNgMXWaBYdbEHmNVe09jrFKVH2Mpk7yiRzw=\""
        },
        {
          "Name": "Last-Modified",
          "Value": "Mon, 07 Apr 2025 10:36:48 GMT"
        },
        {
          "Name": "Vary",
          "Value": "Content-Encoding"
        }
      ],
      "EndpointProperties": [
        {
          "Name": "fingerprint",
          "Value": "dmn5ggifut"
        },
        {
          "Name": "integrity",
          "Value": "sha256-1TZvm/k0xNgMXWaBYdbEHmNVe09jrFKVH2Mpk7yiRzw="
        },
        {
          "Name": "label",
          "Value": "styles-APQXLMEW.css"
        }
      ]
    },
    {
      "Route": "styles-APQXLMEW.dmn5ggifut.css",
      "AssetFile": "styles-APQXLMEW.css",
      "Selectors": [],
      "ResponseHeaders": [
        {
          "Name": "Accept-Ranges",
          "Value": "bytes"
        },
        {
          "Name": "Cache-Control",
          "Value": "max-age=31536000, immutable"
        },
        {
          "Name": "Content-Length",
          "Value": "7083"
        },
        {
          "Name": "Content-Type",
          "Value": "text/css"
        },
        {
          "Name": "ETag",
          "Value": "\"1TZvm/k0xNgMXWaBYdbEHmNVe09jrFKVH2Mpk7yiRzw=\""
        },
        {
          "Name": "Last-Modified",
          "Value": "Mon, 07 Apr 2025 10:36:48 GMT"
        }
      ],
      "EndpointProperties": [
        {
          "Name": "fingerprint",
          "Value": "dmn5ggifut"
        },
        {
          "Name": "integrity",
          "Value": "sha256-1TZvm/k0xNgMXWaBYdbEHmNVe09jrFKVH2Mpk7yiRzw="
        },
        {
          "Name": "label",
          "Value": "styles-APQXLMEW.css"
        }
      ]
    },
    {
      "Route": "styles-APQXLMEW.dmn5ggifut.css.br",
      "AssetFile": "styles-APQXLMEW.css.br",
      "Selectors": [],
      "ResponseHeaders": [
        {
          "Name": "Accept-Ranges",
          "Value": "bytes"
        },
        {
          "Name": "Cache-Control",
          "Value": "max-age=31536000, immutable"
        },
        {
          "Name": "Content-Encoding",
          "Value": "br"
        },
        {
          "Name": "Content-Length",
          "Value": "1166"
        },
        {
          "Name": "Content-Type",
          "Value": "text/css"
        },
        {
          "Name": "ETag",
          "Value": "\"XiBkfJ782VVdgaNjbVAMZBGe+E+weF8I24jvoP5oMps=\""
        },
        {
          "Name": "Last-Modified",
          "Value": "Mon, 07 Apr 2025 10:36:48 GMT"
        },
        {
          "Name": "Vary",
          "Value": "Content-Encoding"
        }
      ],
      "EndpointProperties": [
        {
          "Name": "fingerprint",
          "Value": "dmn5ggifut"
        },
        {
          "Name": "integrity",
          "Value": "sha256-XiBkfJ782VVdgaNjbVAMZBGe+E+weF8I24jvoP5oMps="
        },
        {
          "Name": "label",
          "Value": "styles-APQXLMEW.css.br"
        }
      ]
    },
    {
      "Route": "styles-APQXLMEW.dmn5ggifut.css.gz",
      "AssetFile": "styles-APQXLMEW.css.gz",
      "Selectors": [],
      "ResponseHeaders": [
        {
          "Name": "Accept-Ranges",
          "Value": "bytes"
        },
        {
          "Name": "Cache-Control",
          "Value": "max-age=31536000, immutable"
        },
        {
          "Name": "Content-Encoding",
          "Value": "gzip"
        },
        {
          "Name": "Content-Length",
          "Value": "1412"
        },
        {
          "Name": "Content-Type",
          "Value": "text/css"
        },
        {
          "Name": "ETag",
          "Value": "\"wViez1CukA2HysHRw6bbwe5s3rspbv0syccuEY/Rr5g=\""
        },
        {
          "Name": "Last-Modified",
          "Value": "Mon, 07 Apr 2025 10:36:48 GMT"
        },
        {
          "Name": "Vary",
          "Value": "Content-Encoding"
        }
      ],
      "EndpointProperties": [
        {
          "Name": "fingerprint",
          "Value": "dmn5ggifut"
        },
        {
          "Name": "integrity",
          "Value": "sha256-wViez1CukA2HysHRw6bbwe5s3rspbv0syccuEY/Rr5g="
        },
        {
          "Name": "label",
          "Value": "styles-APQXLMEW.css.gz"
        }
      ]
    }
  ]
}